survey_file_name,og_file_name
image_1.jpg,1478154831-10125.jpg
image_2.jpg,1166922265-3399.jpg
image_3.jpg,1454381433-35205.jpg
image_4.jpg,1319427729-319.jpg
image_5.jpg,1337281571-10310.jpg
image_6.jpg,1215500639-183.jpg
image_7.jpg,1337281571-5419.jpg
image_8.jpg,1350452762-106.jpg
image_9.jpg,1349733550-797.jpg
image_10.jpg,1456322228-20611.jpg
image_11.jpg,1350452762-305.jpg
image_12.jpg,1463837756-7392.jpg
image_13.jpg,1167619714-4945.jpg
image_14.jpg,1406269925-5531.jpg
image_15.jpg,1152519501-2064.jpg
image_16.jpg,1167475007-5283.jpg
image_17.jpg,1254678569-69.jpg
image_18.jpg,1287076691-63910.jpg
image_19.jpg,1167619714-8968.jpg
image_20.jpg,1167619714-10555.jpg
image_21.jpg,1451350009-951.jpg
image_22.jpg,1551172505-2974.jpg
image_23.jpg,1530052589-14067.jpg
image_24.jpg,1080916148-2473.jpg
image_25.jpg,1377545279-9627.jpg
image_26.jpg,1337281571-5600.jpg
image_27.jpg,1456322228-26040.jpg
image_28.jpg,1595217261-10109.jpg
image_29.jpg,1337281571-2292.jpg
image_30.jpg,1456322228-14828.jpg
image_31.jpg,1167619714-5922.jpg
image_32.jpg,1454381433-34806.jpg
image_33.jpg,1404933330-1241.jpg
image_34.jpg,1524091108-392.jpg
image_35.jpg,1191779835-6918.jpg
image_36.jpg,1167619714-1559.jpg
image_37.jpg,1272592937-3270.jpg
image_38.jpg,1486150575-2480.jpg
image_39.jpg,1595217261-4321.jpg
image_40.jpg,1378394192-173.jpg
image_41.jpg,1488008494-2232.jpg
image_42.jpg,1080916148-1410.jpg
image_43.jpg,1451350009-2602.jpg
image_44.jpg,1167619714-15056.jpg
image_45.jpg,1486150575-2867.jpg
image_46.jpg,1197014308-3980.jpg
image_47.jpg,1456322228-910.jpg
image_48.jpg,1478154831-4167.jpg
image_49.jpg,1551172505-1368.jpg
image_50.jpg,1156443667-170.jpg
image_51.jpg,1478154831-7999.jpg
image_52.jpg,1551172505-595.jpg
image_53.jpg,1454381433-35279.jpg
image_54.jpg,1269160469-49.jpg
image_55.jpg,1454381433-10108.jpg
image_56.jpg,1478154831-13785.jpg
image_57.jpg,1197014308-1808.jpg
image_58.jpg,1779262948-786.jpg
image_59.jpg,1197014308-5638.jpg
image_60.jpg,1463837756-2840.jpg
image_61.jpg,1167619714-1386.jpg
image_62.jpg,1349733550-1568.jpg
image_63.jpg,1167475007-880.jpg
image_64.jpg,1363584888-3035.jpg
image_65.jpg,1595217261-3214.jpg
image_66.jpg,1152519501-1658.jpg
image_67.jpg,1447069726-1117.jpg
image_68.jpg,1400172530-1397.jpg
image_69.jpg,1349733550-2083.jpg
image_70.jpg,1456322228-6313.jpg
image_71.jpg,1287076691-83707.jpg
image_72.jpg,1197014308-3062.jpg
image_73.jpg,1245621517-95.jpg
image_74.jpg,1337281571-962.jpg
image_75.jpg,1197014308-5509.jpg
image_76.jpg,1337281571-4936.jpg
image_77.jpg,1454381433-23504.jpg
image_78.jpg,1416393424-655.jpg
image_79.jpg,1496109597-219.jpg
image_80.jpg,1197014308-2551.jpg
image_81.jpg,1530052589-4286.jpg
image_82.jpg,1152519501-944.jpg
image_83.jpg,1080916148-2247.jpg
image_84.jpg,1176581827-588.jpg
image_85.jpg,1167619714-2612.jpg
image_86.jpg,1447069726-102.jpg
image_87.jpg,1290725179-877.jpg
image_88.jpg,1454381433-5357.jpg
image_89.jpg,1337281571-2294.jpg
image_90.jpg,1595217261-2644.jpg
image_91.jpg,1167619714-16068.jpg
image_92.jpg,1456322228-26906.jpg
image_93.jpg,1454381433-14004.jpg
image_94.jpg,1363584888-116.jpg
image_95.jpg,1172205399-6061.jpg
image_96.jpg,1454381433-42559.jpg
image_97.jpg,1595217261-4479.jpg
image_98.jpg,1454381433-6711.jpg
image_99.jpg,1421567872-7054.jpg
image_100.jpg,1464694404-56.jpg
image_101.jpg,1167619714-6286.jpg
image_102.jpg,1406373509-5.jpg
image_103.jpg,1167619714-7872.jpg
image_104.jpg,1478154831-167.jpg
image_105.jpg,1152519501-2025.jpg
image_106.jpg,1080916148-935.jpg
image_107.jpg,1447069726-7193.jpg
image_108.jpg,1337281571-11095.jpg
image_109.jpg,1595217261-3779.jpg
image_110.jpg,1319427729-255.jpg
image_111.jpg,1169129649-234.jpg
image_112.jpg,1080916148-863.jpg
image_113.jpg,1447069726-5189.jpg
image_114.jpg,1779262948-1340.jpg
image_115.jpg,1447069726-10366.jpg
image_116.jpg,1595217261-913.jpg
image_117.jpg,1478154831-2031.jpg
image_118.jpg,1595217261-3641.jpg
image_119.jpg,1546603317-334.jpg
image_120.jpg,1289680855-957.jpg
image_121.jpg,1456322228-29018.jpg
image_122.jpg,1595217261-4263.jpg
image_123.jpg,1377545279-11362.jpg
image_124.jpg,1287076691-44414.jpg
image_125.jpg,1456322228-1986.jpg
image_126.jpg,1152519501-1183.jpg
image_127.jpg,1416393424-633.jpg
image_128.jpg,1197014308-5076.jpg
image_129.jpg,1400276933-1845.jpg
image_130.jpg,1167619714-15763.jpg
image_131.jpg,1080916148-4533.jpg
image_132.jpg,1595217261-5332.jpg
image_133.jpg,1349733550-1186.jpg
image_134.jpg,1349733550-1294.jpg
image_135.jpg,1167619714-13029.jpg
image_136.jpg,1378113154-277.jpg
image_137.jpg,1167619714-5053.jpg
image_138.jpg,1454381433-30515.jpg
image_139.jpg,1167619714-1672.jpg
image_140.jpg,1456322228-22702.jpg
image_141.jpg,1454381433-48318.jpg
image_142.jpg,1080916148-12638.jpg
image_143.jpg,1447069726-13076.jpg
image_144.jpg,1382073947-10987.jpg
image_145.jpg,1255298207-605.jpg
image_146.jpg,1337281571-7985.jpg
image_147.jpg,1463837756-1347.jpg
image_148.jpg,1454381433-40618.jpg
image_149.jpg,1191779835-3813.jpg
image_150.jpg,1486150575-3356.jpg
image_151.jpg,1272592937-172.jpg
image_152.jpg,1478154831-9788.jpg
image_153.jpg,1257058675-825.jpg
image_154.jpg,1595217261-4831.jpg
image_155.jpg,1080916148-11066.jpg
image_156.jpg,1080916148-7269.jpg
image_157.jpg,1404933330-3205.jpg
image_158.jpg,1350452762-255.jpg
image_159.jpg,1221490296-1143.jpg
image_160.jpg,1447069726-13428.jpg
image_161.jpg,1530052589-7174.jpg
image_162.jpg,1237357923-1159.jpg
image_163.jpg,1287076691-24299.jpg
image_164.jpg,1167619714-6150.jpg
image_165.jpg,1080916148-4272.jpg
image_166.jpg,1478154831-11645.jpg
image_167.jpg,1197014308-6034.jpg
image_168.jpg,1486150575-144.jpg
image_169.jpg,1167619714-12055.jpg
image_170.jpg,1463837756-8318.jpg
image_171.jpg,1321035470-349.jpg
image_172.jpg,1421567872-3132.jpg
image_173.jpg,1456322228-485.jpg
image_174.jpg,1277833628-51.jpg
image_175.jpg,1337281571-10002.jpg
image_176.jpg,1478154831-9385.jpg
image_177.jpg,1378113154-695.jpg
image_178.jpg,1229487111-78.jpg
image_179.jpg,1454381433-22028.jpg
image_180.jpg,1595217261-3739.jpg
image_181.jpg,1167619714-10016.jpg
image_182.jpg,1172205399-5448.jpg
image_183.jpg,1152519501-583.jpg
image_184.jpg,1595217261-2652.jpg
image_185.jpg,1456322228-21029.jpg
image_186.jpg,1400276933-1925.jpg
image_187.jpg,1488008494-941.jpg
image_188.jpg,1377545279-1174.jpg
image_189.jpg,1454381433-21494.jpg
image_190.jpg,1456322228-19097.jpg
image_191.jpg,1197014308-6975.jpg
image_192.jpg,1595217261-2782.jpg
image_193.jpg,1152519501-2026.jpg
image_194.jpg,1197014308-1596.jpg
image_195.jpg,1197014308-4593.jpg
image_196.jpg,1382073947-6821.jpg
image_197.jpg,1456322228-22989.jpg
image_198.jpg,1480916688-320.jpg
image_199.jpg,1454381433-18755.jpg
image_200.jpg,1080916148-8236.jpg
image_201.jpg,1551172505-177.jpg
image_202.jpg,1478154831-9607.jpg
image_203.jpg,1167619714-3749.jpg
image_204.jpg,1421567872-6583.jpg
image_205.jpg,1349733550-4728.jpg
image_206.jpg,1287076691-34109.jpg
image_207.jpg,1272592937-5942.jpg
image_208.jpg,1152519501-210.jpg
image_209.jpg,1404933330-490.jpg
image_210.jpg,1141232138-393.jpg
image_211.jpg,1287076691-68468.jpg
image_212.jpg,1404933330-1312.jpg
image_213.jpg,1167619714-12510.jpg
image_214.jpg,1486150575-3530.jpg
image_215.jpg,1595217261-828.jpg
image_216.jpg,1451350009-1385.jpg
image_217.jpg,1337281571-7147.jpg
image_218.jpg,1454381433-3927.jpg
image_219.jpg,1319427729-312.jpg
image_220.jpg,1454381433-19151.jpg
image_221.jpg,1354701413-1985.jpg
image_222.jpg,1080916148-8218.jpg
image_223.jpg,1167619714-10991.jpg
image_224.jpg,1456322228-23294.jpg
image_225.jpg,1404933330-1667.jpg
image_226.jpg,1454381433-5696.jpg
image_227.jpg,1191779835-5828.jpg
image_228.jpg,1486150575-3799.jpg
image_229.jpg,1172205399-4516.jpg
image_230.jpg,1486150575-326.jpg
image_231.jpg,1456322228-27021.jpg
image_232.jpg,1421567872-406.jpg
image_233.jpg,1478154831-757.jpg
image_234.jpg,1349733550-911.jpg
image_235.jpg,1287076691-49333.jpg
image_236.jpg,1363584888-1236.jpg
image_237.jpg,1167619714-5812.jpg
image_238.jpg,1080916148-1559.jpg
image_239.jpg,1478154831-11211.jpg
image_240.jpg,1456322228-28104.jpg
image_241.jpg,1456322228-27327.jpg
image_242.jpg,1463837756-8314.jpg
image_243.jpg,1456322228-28513.jpg
image_244.jpg,1363584888-740.jpg
image_245.jpg,1595217261-2437.jpg
image_246.jpg,1456322228-8228.jpg
image_247.jpg,1447069726-8891.jpg
image_248.jpg,1478154831-2641.jpg
image_249.jpg,1197014308-3306.jpg
image_250.jpg,1167475007-1162.jpg
image_251.jpg,1478154831-13844.jpg
image_252.jpg,1176581827-542.jpg
image_253.jpg,1454381433-36890.jpg
image_254.jpg,1191779835-7044.jpg
image_255.jpg,1463837756-1402.jpg
image_256.jpg,1080916148-16298.jpg
image_257.jpg,1425084649-190.jpg
image_258.jpg,1152519501-495.jpg
image_259.jpg,1478154831-4203.jpg
image_260.jpg,1456322228-20027.jpg
image_261.jpg,1454381433-42661.jpg
image_262.jpg,1197014308-5916.jpg
image_263.jpg,1463837756-7267.jpg
image_264.jpg,1454381433-7279.jpg
image_265.jpg,1167619714-1221.jpg
image_266.jpg,1424160834-263.jpg
image_267.jpg,1337281571-3997.jpg
image_268.jpg,1080916148-7023.jpg
image_269.jpg,1080916148-10064.jpg
image_270.jpg,1404933330-2606.jpg
image_271.jpg,1595217261-507.jpg
image_272.jpg,1478154831-7894.jpg
image_273.jpg,1172205399-5762.jpg
image_274.jpg,1451350009-326.jpg
image_275.jpg,1486150575-3758.jpg
image_276.jpg,1595217261-6445.jpg
image_277.jpg,1378113154-586.jpg
image_278.jpg,1080916148-15491.jpg
image_279.jpg,1382073947-10745.jpg
image_280.jpg,1350452762-395.jpg
image_281.jpg,1595217261-1091.jpg
image_282.jpg,1167619714-9160.jpg
image_283.jpg,1454381433-9699.jpg
image_284.jpg,1779262948-1211.jpg
image_285.jpg,1287076691-65105.jpg
image_286.jpg,1167619714-1434.jpg
image_287.jpg,1463837756-6231.jpg
image_288.jpg,1176581827-259.jpg
image_289.jpg,1167619714-13149.jpg
image_290.jpg,1454381433-19889.jpg
image_291.jpg,1337281571-6746.jpg
image_292.jpg,1227163562-944.jpg
image_293.jpg,1454381433-38273.jpg
image_294.jpg,1197014308-5922.jpg
image_295.jpg,1167619714-10835.jpg
image_296.jpg,1221490296-922.jpg
image_297.jpg,1454381433-35793.jpg
image_298.jpg,1363584888-3511.jpg
image_299.jpg,1167619714-6834.jpg
image_300.jpg,1152519501-809.jpg
image_301.jpg,1456322228-29851.jpg
image_302.jpg,1167619714-6598.jpg
image_303.jpg,1364089523-402.jpg
image_304.jpg,1191779835-3872.jpg
image_305.jpg,1454381433-27704.jpg
image_306.jpg,1496342508-1160.jpg
image_307.jpg,1595217261-6446.jpg
image_308.jpg,1456322228-990.jpg
image_309.jpg,1454381433-36374.jpg
image_310.jpg,1456322228-28074.jpg
image_311.jpg,1167619714-8212.jpg
image_312.jpg,1167619714-5992.jpg
image_313.jpg,1456322228-10399.jpg
image_314.jpg,1167619714-5337.jpg
image_315.jpg,1779262948-1060.jpg
image_316.jpg,1595217261-2017.jpg
image_317.jpg,1378394192-269.jpg
image_318.jpg,1454381433-22988.jpg
image_319.jpg,1456322228-29533.jpg
image_320.jpg,1404933330-1473.jpg
image_321.jpg,1221490296-1531.jpg
image_322.jpg,1454381433-10946.jpg
image_323.jpg,1287076691-33757.jpg
image_324.jpg,1290725179-961.jpg
image_325.jpg,1167619714-5448.jpg
image_326.jpg,1337281571-6349.jpg
image_327.jpg,1454381433-27562.jpg
image_328.jpg,1595217261-1809.jpg
image_329.jpg,1495162758-36.jpg
image_330.jpg,1496098466-976.jpg
image_331.jpg,1478154831-14968.jpg
image_332.jpg,1382073947-10251.jpg
image_333.jpg,1152519501-356.jpg
image_334.jpg,1272592937-4172.jpg
image_335.jpg,1488008494-2951.jpg
image_336.jpg,1456322228-27943.jpg
image_337.jpg,1363584888-3894.jpg
image_338.jpg,1454381433-35029.jpg
image_339.jpg,1454381433-36227.jpg
image_340.jpg,1152519501-104.jpg
image_341.jpg,1287076691-100525.jpg
image_342.jpg,1191779835-3423.jpg
image_343.jpg,1080916148-9851.jpg
image_344.jpg,1167619714-15770.jpg
image_345.jpg,1478154831-6498.jpg
image_346.jpg,1080916148-11451.jpg
image_347.jpg,1221490296-230.jpg
image_348.jpg,1080916148-10679.jpg
image_349.jpg,1463909218-5970.jpg
image_350.jpg,1456322228-7263.jpg
image_351.jpg,1152519501-1654.jpg
image_352.jpg,1172205399-5611.jpg
image_353.jpg,1454381433-3222.jpg
image_354.jpg,1595217261-5732.jpg
image_355.jpg,1404933330-2632.jpg
image_356.jpg,1478154831-5075.jpg
image_357.jpg,1080916148-12582.jpg
image_358.jpg,1160557560-89.jpg
image_359.jpg,1080916148-13558.jpg
image_360.jpg,1496109597-402.jpg
image_361.jpg,1454381433-5801.jpg
image_362.jpg,1416393424-164.jpg
image_363.jpg,1386679129-1329.jpg
image_364.jpg,1463837756-580.jpg
image_365.jpg,1287076691-103231.jpg
image_366.jpg,1167619714-11606.jpg
image_367.jpg,1454381433-15784.jpg
image_368.jpg,1360861021-125.jpg
image_369.jpg,1463837756-8045.jpg
image_370.jpg,1480916688-593.jpg
image_371.jpg,1478154831-9329.jpg
image_372.jpg,1167619714-8620.jpg
image_373.jpg,1237468878-60.jpg
image_374.jpg,1421567872-7225.jpg
image_375.jpg,1080916148-8483.jpg
image_376.jpg,1167619714-13688.jpg
image_377.jpg,1237357923-1033.jpg
image_378.jpg,1080916148-13733.jpg
image_379.jpg,1400172530-531.jpg
image_380.jpg,1456322228-21356.jpg
image_381.jpg,1447069726-8333.jpg
image_382.jpg,1298712056-612.jpg
image_383.jpg,1167619714-10681.jpg
image_384.jpg,1167619714-14406.jpg
image_385.jpg,1488008494-69.jpg
image_386.jpg,1167619714-11202.jpg
image_387.jpg,1478154831-12112.jpg
image_388.jpg,1478154831-826.jpg
image_389.jpg,1167619714-14405.jpg
image_390.jpg,1404933330-2607.jpg
image_391.jpg,1167619714-11079.jpg
image_392.jpg,1197014308-4893.jpg
image_393.jpg,1404933330-3203.jpg
image_394.jpg,1134544313-126.jpg
image_395.jpg,1382073947-10522.jpg
image_396.jpg,1364089523-403.jpg
image_397.jpg,1167619714-5966.jpg
image_398.jpg,1176581827-110.jpg
image_399.jpg,1456322228-28120.jpg
image_400.jpg,1349733550-1688.jpg
image_401.jpg,1456322228-12189.jpg
image_402.jpg,1451350009-1668.jpg
image_403.jpg,1463837756-8248.jpg
image_404.jpg,1595217261-5203.jpg
image_405.jpg,1400172530-2388.jpg
image_406.jpg,1167619714-2889.jpg
image_407.jpg,1551172505-1236.jpg
image_408.jpg,1141232138-976.jpg
image_409.jpg,1463837756-3343.jpg
image_410.jpg,1290725179-648.jpg
image_411.jpg,1463837756-1473.jpg
image_412.jpg,1486150575-2523.jpg
image_413.jpg,1478154831-12708.jpg
image_414.jpg,1779262948-1583.jpg
image_415.jpg,1454381433-7965.jpg
image_416.jpg,1471707262-84.jpg
image_417.jpg,1496342508-1461.jpg
image_418.jpg,1496342508-2056.jpg
image_419.jpg,1350452762-295.jpg
image_420.jpg,1166922265-3608.jpg
image_421.jpg,1167449028-239.jpg
image_422.jpg,1454381433-31657.jpg
image_423.jpg,1451350009-2163.jpg
image_424.jpg,1167619714-12802.jpg
image_425.jpg,1454381433-26192.jpg
image_426.jpg,1480916688-205.jpg
image_427.jpg,1447069726-333.jpg
image_428.jpg,1454381433-35554.jpg
image_429.jpg,1447069726-4935.jpg
image_430.jpg,1080916148-18746.jpg
image_431.jpg,1454381433-24053.jpg
image_432.jpg,1454381433-21612.jpg
image_433.jpg,1287076691-60238.jpg
image_434.jpg,1595217261-5147.jpg
image_435.jpg,1141232138-220.jpg
image_436.jpg,1167619714-5854.jpg
image_437.jpg,1404963236-1760.jpg
image_438.jpg,1197014308-7711.jpg
image_439.jpg,1595217261-574.jpg
image_440.jpg,1478154831-12198.jpg
image_441.jpg,1404933330-545.jpg
image_442.jpg,1478154831-6387.jpg
image_443.jpg,1454381433-29943.jpg
image_444.jpg,1456322228-25545.jpg
image_445.jpg,1167619714-1113.jpg
image_446.jpg,1167475007-4413.jpg
image_447.jpg,1454381433-5835.jpg
image_448.jpg,1530052589-4956.jpg
image_449.jpg,1167619714-6626.jpg
image_450.jpg,1197014308-3874.jpg
image_451.jpg,1463909218-5749.jpg
image_452.jpg,1167619714-10077.jpg
image_453.jpg,1496098466-947.jpg
image_454.jpg,1463837756-2552.jpg
image_455.jpg,1080916148-2057.jpg
image_456.jpg,1167619714-4895.jpg
image_457.jpg,1454381433-5414.jpg
image_458.jpg,1167619714-5449.jpg
image_459.jpg,1080916148-8977.jpg
image_460.jpg,1478154831-7847.jpg
image_461.jpg,1496342508-1161.jpg
image_462.jpg,1379196430-85.jpg
image_463.jpg,1167619714-1748.jpg
image_464.jpg,1299298785-58.jpg
image_465.jpg,1404933330-1165.jpg
image_466.jpg,1167619714-9917.jpg
image_467.jpg,1287076691-35480.jpg
image_468.jpg,1080916148-16462.jpg
image_469.jpg,1167619714-6100.jpg
image_470.jpg,1488008494-2108.jpg
image_471.jpg,1451350009-366.jpg
image_472.jpg,1255298207-510.jpg
image_473.jpg,1456322228-19299.jpg
image_474.jpg,1141232138-1013.jpg
image_475.jpg,1382073947-11057.jpg
image_476.jpg,1080916148-18596.jpg
image_477.jpg,1191779835-2303.jpg
image_478.jpg,1312897716-83.jpg
image_479.jpg,1080916148-11798.jpg
image_480.jpg,1080916148-10004.jpg
image_481.jpg,1478154831-884.jpg
image_482.jpg,1221490296-676.jpg
image_483.jpg,1478154831-9857.jpg
image_484.jpg,1382073947-10674.jpg
image_485.jpg,1337281571-9811.jpg
image_486.jpg,1454381433-38199.jpg
image_487.jpg,1167619714-7302.jpg
image_488.jpg,1293828065-110.jpg
image_489.jpg,1447069726-7855.jpg
image_490.jpg,1400172530-946.jpg
image_491.jpg,1287076691-32518.jpg
image_492.jpg,1230292617-26.jpg
image_493.jpg,1167619714-6338.jpg
image_494.jpg,1167619714-11560.jpg
image_495.jpg,1319427729-10110.jpg
image_496.jpg,1454381433-32136.jpg
image_497.jpg,1378113154-495.jpg
image_498.jpg,1454381433-38832.jpg
image_499.jpg,1277833628-82.jpg
image_500.jpg,1478154831-5921.jpg
image_501.jpg,1167619714-1671.jpg
image_502.jpg,1400172530-638.jpg
image_503.jpg,1197014308-5673.jpg
image_504.jpg,1595217261-2116.jpg
image_505.jpg,1404933330-5016.jpg
image_506.jpg,1488008494-831.jpg
image_507.jpg,1400172530-1047.jpg
image_508.jpg,1595217261-4078.jpg
image_509.jpg,1406269925-2647.jpg
image_510.jpg,1456322228-14691.jpg
image_511.jpg,1406269925-2388.jpg
image_512.jpg,1451905745-626.jpg
image_513.jpg,1167619714-1043.jpg
image_514.jpg,1152519501-857.jpg
image_515.jpg,1595217261-5452.jpg
image_516.jpg,1456322228-23025.jpg
image_517.jpg,1404933330-2931.jpg
image_518.jpg,1272592937-2346.jpg
image_519.jpg,1454381433-48107.jpg
image_520.jpg,1400172530-3554.jpg
image_521.jpg,1595217261-4357.jpg
image_522.jpg,1378113154-729.jpg
image_523.jpg,1530052589-9900.jpg
image_524.jpg,1454381433-33312.jpg
image_525.jpg,1257058675-766.jpg
image_526.jpg,1172205399-6494.jpg
image_527.jpg,1463837756-5857.jpg
image_528.jpg,1321035470-378.jpg
image_529.jpg,1463837756-111.jpg
image_530.jpg,1293828065-32.jpg
image_531.jpg,1454381433-29260.jpg
image_532.jpg,1595217261-1565.jpg
image_533.jpg,1454381433-6820.jpg
image_534.jpg,1530052589-4576.jpg
image_535.jpg,1400172530-3484.jpg
image_536.jpg,1166922265-3680.jpg
image_537.jpg,1349733550-2253.jpg
image_538.jpg,1152519501-4344.jpg
image_539.jpg,1167475007-1174.jpg
image_540.jpg,1298712056-335.jpg
image_541.jpg,1456322228-4775.jpg
image_542.jpg,1530052589-4316.jpg
image_543.jpg,1478154831-1949.jpg
image_544.jpg,1595217261-3798.jpg
image_545.jpg,1456322228-8361.jpg
image_546.jpg,1404933330-2100.jpg
image_547.jpg,1456322228-27006.jpg
image_548.jpg,1167619714-1579.jpg
image_549.jpg,1167619714-13689.jpg
image_550.jpg,1469815925-847.jpg
image_551.jpg,1152519501-1082.jpg
image_552.jpg,1546603317-45.jpg
image_553.jpg,1456322228-30394.jpg
image_554.jpg,1197014308-4139.jpg
image_555.jpg,1141232138-774.jpg
image_556.jpg,1172205399-2449.jpg
image_557.jpg,1595217261-3677.jpg
image_558.jpg,1364089523-138.jpg
image_559.jpg,1421567872-7152.jpg
image_560.jpg,1463837756-5753.jpg
image_561.jpg,1400172530-2040.jpg
image_562.jpg,1400172530-1106.jpg
image_563.jpg,1478154831-6396.jpg
image_564.jpg,1478154831-8377.jpg
image_565.jpg,1484356321-166.jpg
image_566.jpg,1167619714-9205.jpg
image_567.jpg,1454381433-24588.jpg
image_568.jpg,1454381433-5718.jpg
image_569.jpg,1447069726-4652.jpg
image_570.jpg,1478154831-4644.jpg
image_571.jpg,1172205399-4549.jpg
image_572.jpg,1454381433-28207.jpg
image_573.jpg,1400172530-245.jpg
image_574.jpg,1176581827-551.jpg
image_575.jpg,1454381433-35193.jpg
image_576.jpg,1167619714-9156.jpg
image_577.jpg,1167619714-5239.jpg
image_578.jpg,1197014308-2820.jpg
image_579.jpg,1255298207-545.jpg
image_580.jpg,1363584888-3267.jpg
image_581.jpg,1488008494-568.jpg
image_582.jpg,1551172505-2856.jpg
image_583.jpg,1272592937-451.jpg
image_584.jpg,1478154831-12619.jpg
image_585.jpg,1447069726-3770.jpg
image_586.jpg,1478154831-12630.jpg
image_587.jpg,1287076691-48813.jpg
image_588.jpg,1141232138-779.jpg
image_589.jpg,1349733550-464.jpg
image_590.jpg,1454381433-48638.jpg
image_591.jpg,1197014308-1892.jpg
image_592.jpg,1486150575-922.jpg
image_593.jpg,1080916148-13403.jpg
image_594.jpg,1478154831-2599.jpg
image_595.jpg,1454381433-11004.jpg
image_596.jpg,1478154831-1766.jpg
image_597.jpg,1451350009-3330.jpg
image_598.jpg,1197014308-5483.jpg
image_599.jpg,1080916148-13761.jpg
image_600.jpg,1141232138-1412.jpg
