filename,index
1080916148-10860.jpg,1
1080916148-13112.jpg,2
1080916148-16162.jpg,3
1080916148-16243.jpg,4
1080916148-16848.jpg,5
1080916148-189.jpg,6
1080916148-3760.jpg,7
1080916148-4927.jpg,8
1080916148-5751.jpg,9
1080916148-6827.jpg,10
1080916148-6834.jpg,11
1080916148-6837.jpg,12
1080916148-7434.jpg,13
1080916148-7539.jpg,14
1080916148-7758.jpg,15
1080916148-8906.jpg,16
1080916148-9364.jpg,17
1080916148-9965.jpg,18
1141232138-471.jpg,19
1141232138-497.jpg,20
1160775289-76.jpg,21
1167475007-3875.jpg,22
1167475007-4071.jpg,23
1167619714-10022.jpg,24
1167619714-10595.jpg,25
1167619714-12905.jpg,26
1167619714-13684.jpg,27
1167619714-13996.jpg,28
1167619714-14099.jpg,29
1167619714-15820.jpg,30
1167619714-1969.jpg,31
1167619714-2119.jpg,32
1167619714-2443.jpg,33
1167619714-3328.jpg,34
1167619714-3343.jpg,35
1167619714-3762.jpg,36
1167619714-3865.jpg,37
1167619714-4731.jpg,38
1167619714-5214.jpg,39
1167619714-5314.jpg,40
1167619714-6677.jpg,41
1167619714-6892.jpg,42
1167619714-6925.jpg,43
1167619714-8713.jpg,44
1169129649-278.jpg,45
1172205399-1095.jpg,46
1172205399-1107.jpg,47
1172205399-1432.jpg,48
1172205399-1977.jpg,49
1172205399-2211.jpg,50
1172205399-2371.jpg,51
1172205399-2641.jpg,52
1172205399-2652.jpg,53
1172205399-3316.jpg,54
1172205399-4619.jpg,55
1172205399-4693.jpg,56
1172205399-4823.jpg,57
1172205399-5638.jpg,58
1172205399-5849.jpg,59
1172205399-639.jpg,60
1172205399-6461.jpg,61
1172205399-7211.jpg,62
1172205399-779.jpg,63
1172205399-878.jpg,64
1172205399-901.jpg,65
1185329367-108.jpg,66
1185329367-181.jpg,67
1185329367-810.jpg,68
1191779835-2578.jpg,69
1191779835-3202.jpg,70
1191779835-5296.jpg,71
1191779835-7099.jpg,72
1197014308-1273.jpg,73
1197014308-2061.jpg,74
1197014308-2258.jpg,75
1197014308-2428.jpg,76
1197014308-2639.jpg,77
1197014308-3221.jpg,78
1197014308-3656.jpg,79
1197014308-3669.jpg,80
1197014308-449.jpg,81
1197014308-5115.jpg,82
1197014308-5497.jpg,83
1197014308-5795.jpg,84
1197014308-7065.jpg,85
1197014308-7200.jpg,86
1197014308-7342.jpg,87
1197014308-7720.jpg,88
1197014308-814.jpg,89
1215500639-62.jpg,90
1218079248-51.jpg,91
1218079248-53.jpg,92
1218079248-67.jpg,93
1221490296-1202.jpg,94
1221490296-1663.jpg,95
1221490296-389.jpg,96
1221490296-443.jpg,97
1221490296-855.jpg,98
1227163562-1496.jpg,99
1227163562-2608.jpg,100
1227163562-2825.jpg,101
1228213682-121.jpg,102
1237357923-1180.jpg,103
1237357923-443.jpg,104
1237468878-399.jpg,105
1237468878-500.jpg,106
1247163073-1322.jpg,107
1247163073-1753.jpg,108
1255298207-185.jpg,109
1257058675-259.jpg,110
1257058675-674.jpg,111
1257058675-888.jpg,112
1257058675-980.jpg,113
1272592937-4092.jpg,114
1272592937-4180.jpg,115
1272592937-5937.jpg,116
1277833628-43.jpg,117
1287076691-106291.jpg,118
1287076691-18526.jpg,119
1287076691-27172.jpg,120
1287076691-29748.jpg,121
1287076691-34097.jpg,122
1287076691-34271.jpg,123
1287076691-35384.jpg,124
1287076691-37016.jpg,125
1287076691-47879.jpg,126
1287076691-51360.jpg,127
1287076691-62109.jpg,128
1287076691-68017.jpg,129
1287076691-70305.jpg,130
1287076691-73789.jpg,131
1287076691-92891.jpg,132
1289680855-967.jpg,133
1290725179-1193.jpg,134
1290725179-808.jpg,135
1298712056-714.jpg,136
1304790787-55.jpg,137
1312999743-78.jpg,138
1319427729-10003.jpg,139
1319427729-10047.jpg,140
1319427729-10075.jpg,141
1319427729-10301.jpg,142
1319427729-10320.jpg,143
1319427729-1040.jpg,144
1319427729-10435.jpg,145
1319427729-10471.jpg,146
1319427729-10607.jpg,147
1319427729-1459.jpg,148
1319427729-2057.jpg,149
1319427729-2316.jpg,150
1319427729-2344.jpg,151
1319427729-2409.jpg,152
1319427729-2617.jpg,153
1319427729-2870.jpg,154
1319427729-2887.jpg,155
1319427729-3376.jpg,156
1319427729-3636.jpg,157
1319427729-3690.jpg,158
1319427729-3793.jpg,159
1319427729-3933.jpg,160
1319427729-4502.jpg,161
1319427729-4677.jpg,162
1319427729-4731.jpg,163
1319427729-5349.jpg,164
1319427729-5692.jpg,165
1319427729-5819.jpg,166
1319427729-6048.jpg,167
1319427729-6325.jpg,168
1319427729-6335.jpg,169
1319427729-6957.jpg,170
1319427729-7094.jpg,171
1319427729-7226.jpg,172
1319427729-7321.jpg,173
1319427729-7341.jpg,174
1319427729-7443.jpg,175
1319427729-7509.jpg,176
1319427729-7824.jpg,177
1319427729-8106.jpg,178
1319427729-8152.jpg,179
1319427729-8166.jpg,180
1319427729-8307.jpg,181
1319427729-8324.jpg,182
1319427729-8430.jpg,183
1319427729-8474.jpg,184
1319427729-8674.jpg,185
1319427729-8846.jpg,186
1319427729-9074.jpg,187
1319427729-9085.jpg,188
1319427729-9160.jpg,189
1319427729-9209.jpg,190
1319427729-9609.jpg,191
1319427729-9747.jpg,192
1323053220-103.jpg,193
1337281571-10818.jpg,194
1337281571-1323.jpg,195
1337281571-1606.jpg,196
1337281571-4828.jpg,197
1337281571-4865.jpg,198
1337281571-5056.jpg,199
1337281571-5700.jpg,200
1337281571-6358.jpg,201
1337281571-6757.jpg,202
1337281571-7521.jpg,203
1337281571-7748.jpg,204
1337281571-8572.jpg,205
1349733550-2658.jpg,206
1349733550-3080.jpg,207
1350452762-384.jpg,208
1354701413-435.jpg,209
1354701413-482.jpg,210
1360861021-96.jpg,211
1363584888-1282.jpg,212
1363584888-1551.jpg,213
1363584888-1839.jpg,214
1363584888-2078.jpg,215
1363584888-2190.jpg,216
1363584888-2334.jpg,217
1363584888-2600.jpg,218
1363584888-2790.jpg,219
1363584888-3290.jpg,220
1363584888-3433.jpg,221
1363584888-3873.jpg,222
1363584888-3893.jpg,223
1363584888-3950.jpg,224
1363584888-4233.jpg,225
1363584888-4554.jpg,226
1364089523-56.jpg,227
1367884658-73.jpg,228
1372359253-33.jpg,229
1377545279-11064.jpg,230
1377545279-12346.jpg,231
1377545279-12361.jpg,232
1377545279-603.jpg,233
1377545279-8116.jpg,234
1377545279-9105.jpg,235
1378113154-304.jpg,236
1378113154-381.jpg,237
1378113154-414.jpg,238
1378113154-617.jpg,239
1379196430-59.jpg,240
1382073947-10099.jpg,241
1382073947-10266.jpg,242
1382073947-10590.jpg,243
1382073947-10789.jpg,244
1382073947-11649.jpg,245
1382073947-11708.jpg,246
1382073947-3240.jpg,247
1382073947-3443.jpg,248
1382073947-3625.jpg,249
1382073947-4163.jpg,250
1382073947-4237.jpg,251
1382073947-4513.jpg,252
1382073947-4736.jpg,253
1382073947-4944.jpg,254
1382073947-5249.jpg,255
1382073947-5345.jpg,256
1382073947-6435.jpg,257
1382073947-6819.jpg,258
1382073947-7957.jpg,259
1382073947-8006.jpg,260
1382073947-8327.jpg,261
1382073947-9275.jpg,262
1382073947-9690.jpg,263
1386679129-1267.jpg,264
1386679129-478.jpg,265
1400172530-1454.jpg,266
1400172530-1856.jpg,267
1400276933-1647.jpg,268
1400276933-512.jpg,269
1404963236-106.jpg,270
1404963236-1208.jpg,271
1406269925-2014.jpg,272
1406269925-7783.jpg,273
1416393424-680.jpg,274
1421567872-1282.jpg,275
1421567872-2013.jpg,276
1421567872-2183.jpg,277
1421567872-3399.jpg,278
1421567872-3789.jpg,279
1421567872-4006.jpg,280
1421567872-4261.jpg,281
1421567872-5362.jpg,282
1421567872-5503.jpg,283
1421567872-5637.jpg,284
1421567872-5926.jpg,285
1421567872-6973.jpg,286
1421567872-7561.jpg,287
1425084649-57.jpg,288
1444674986-570.jpg,289
1444674986-809.jpg,290
1444674986-894.jpg,291
1447069726-10081.jpg,292
1447069726-7349.jpg,293
1447069726-9466.jpg,294
1451350009-1089.jpg,295
1451350009-3142.jpg,296
1451350009-3711.jpg,297
1451350009-572.jpg,298
1451350009-623.jpg,299
1451350009-854.jpg,300
1451905745-136.jpg,301
1454381433-10311.jpg,302
1454381433-10315.jpg,303
1454381433-16699.jpg,304
1454381433-17133.jpg,305
1454381433-22628.jpg,306
1454381433-23562.jpg,307
1454381433-27817.jpg,308
1454381433-29054.jpg,309
1454381433-29567.jpg,310
1454381433-30104.jpg,311
1454381433-32098.jpg,312
1454381433-32697.jpg,313
1454381433-32698.jpg,314
1454381433-32737.jpg,315
1454381433-33586.jpg,316
1454381433-34509.jpg,317
1454381433-35419.jpg,318
1454381433-35916.jpg,319
1454381433-36273.jpg,320
1454381433-36645.jpg,321
1454381433-37246.jpg,322
1454381433-37615.jpg,323
1454381433-37646.jpg,324
1454381433-37659.jpg,325
1454381433-38016.jpg,326
1454381433-38982.jpg,327
1454381433-39042.jpg,328
1454381433-40172.jpg,329
1454381433-40391.jpg,330
1454381433-40591.jpg,331
1454381433-43033.jpg,332
1454381433-43470.jpg,333
1454381433-44038.jpg,334
1454381433-44392.jpg,335
1454381433-44470.jpg,336
1454381433-45372.jpg,337
1454381433-45992.jpg,338
1454381433-46150.jpg,339
1454381433-46336.jpg,340
1454381433-46574.jpg,341
1454381433-47338.jpg,342
1454381433-47584.jpg,343
1454381433-47762.jpg,344
1454381433-48129.jpg,345
1454381433-48214.jpg,346
1454381433-48666.jpg,347
1454381433-48869.jpg,348
1454381433-48882.jpg,349
1454381433-49009.jpg,350
1454381433-49297.jpg,351
1454381433-5160.jpg,352
1454381433-5165.jpg,353
1454381433-5425.jpg,354
1454381433-5740.jpg,355
1454381433-8064.jpg,356
1454381433-8292.jpg,357
1454381433-8435.jpg,358
1454381433-8755.jpg,359
1454381433-8788.jpg,360
1454381433-8852.jpg,361
1454381433-9994.jpg,362
1456085492-64.jpg,363
1456085492-65.jpg,364
1456322228-10864.jpg,365
1456322228-10889.jpg,366
1456322228-10962.jpg,367
1456322228-11896.jpg,368
1456322228-11918.jpg,369
1456322228-12126.jpg,370
1456322228-12420.jpg,371
1456322228-13030.jpg,372
1456322228-13563.jpg,373
1456322228-13931.jpg,374
1456322228-14683.jpg,375
1456322228-15277.jpg,376
1456322228-15785.jpg,377
1456322228-16481.jpg,378
1456322228-17238.jpg,379
1456322228-17390.jpg,380
1456322228-17922.jpg,381
1456322228-18712.jpg,382
1456322228-19029.jpg,383
1456322228-19145.jpg,384
1456322228-19296.jpg,385
1456322228-19514.jpg,386
1456322228-19578.jpg,387
1456322228-19652.jpg,388
1456322228-20145.jpg,389
1456322228-20344.jpg,390
1456322228-20743.jpg,391
1456322228-22011.jpg,392
1456322228-22064.jpg,393
1456322228-22076.jpg,394
1456322228-23941.jpg,395
1456322228-24291.jpg,396
1456322228-2506.jpg,397
1456322228-25603.jpg,398
1456322228-2597.jpg,399
1456322228-26327.jpg,400
1456322228-26375.jpg,401
1456322228-28528.jpg,402
1456322228-28972.jpg,403
1456322228-29709.jpg,404
1456322228-31017.jpg,405
1456322228-3413.jpg,406
1456322228-3469.jpg,407
1456322228-3988.jpg,408
1456322228-4085.jpg,409
1456322228-4439.jpg,410
1456322228-4592.jpg,411
1456322228-4909.jpg,412
1456322228-4922.jpg,413
1456322228-4981.jpg,414
1456322228-6164.jpg,415
1456322228-6409.jpg,416
1456322228-6573.jpg,417
1456322228-6817.jpg,418
1456322228-7640.jpg,419
1456322228-7825.jpg,420
1456322228-8025.jpg,421
1456322228-8125.jpg,422
1456322228-8626.jpg,423
1456322228-9325.jpg,424
1463837756-1488.jpg,425
1463837756-2280.jpg,426
1463837756-6134.jpg,427
1463837756-6734.jpg,428
1463837756-6962.jpg,429
1463837756-7329.jpg,430
1463837756-7689.jpg,431
1463837756-8040.jpg,432
1463909218-2479.jpg,433
1463909218-2762.jpg,434
1463909218-3766.jpg,435
1463909218-4034.jpg,436
1463909218-4192.jpg,437
1463909218-4588.jpg,438
1463909218-5584.jpg,439
1463909218-6267.jpg,440
1464394988-1027.jpg,441
1464394988-1379.jpg,442
1464394988-1471.jpg,443
1464394988-1720.jpg,444
1464394988-2254.jpg,445
1464394988-838.jpg,446
1464694404-71.jpg,447
1469815925-1215.jpg,448
1469815925-2415.jpg,449
1469815925-2478.jpg,450
1469815925-2640.jpg,451
1469815925-506.jpg,452
1477937541-221.jpg,453
1477937541-456.jpg,454
1478154831-10567.jpg,455
1478154831-12984.jpg,456
1478154831-13040.jpg,457
1478154831-13185.jpg,458
1478154831-13186.jpg,459
1478154831-14075.jpg,460
1478154831-15027.jpg,461
1478154831-1673.jpg,462
1478154831-3158.jpg,463
1478154831-3674.jpg,464
1478154831-3990.jpg,465
1478154831-5403.jpg,466
1478154831-5439.jpg,467
1478154831-5712.jpg,468
1478154831-6309.jpg,469
1478154831-8419.jpg,470
1478154831-8786.jpg,471
1478154831-9740.jpg,472
1483670487-283.jpg,473
1488008494-1880.jpg,474
1488008494-423.jpg,475
1490456807-140.jpg,476
1490456807-210.jpg,477
1495162758-105.jpg,478
1496098466-1274.jpg,479
1496098466-313.jpg,480
1496109597-320.jpg,481
1496109597-712.jpg,482
1496342508-1596.jpg,483
1496342508-2183.jpg,484
1496342508-872.jpg,485
1496723300-277.jpg,486
1530052589-13436.jpg,487
1530052589-13573.jpg,488
1530052589-4117.jpg,489
1530052589-5604.jpg,490
1530052589-5725.jpg,491
1530052589-7652.jpg,492
1551172505-3586.jpg,493
1551172505-3612.jpg,494
1720135876-870.jpg,495
1779262948-1101.jpg,496
1779262948-816.jpg,497
